[
  {
    "value": "Ajwain Fried Fish",
    "synonyms": [
      "ajwain fried fish",
      "ajwain fish",
      "fried fish"
    ]
  },
  {
    "value": "Aloo Gobi Masala",
    "synonyms": [
      "aloo gobi masala",
      "aloo gobi"
    ]
  },
  {
    "value": "Andhra Chicken 65",
    "synonyms": [
      "andhra chicken 65",
      "chicken 65"
    ]
  },
  {
    "value": "Andhra Chicken Curry ",
    "synonyms": [
      "andhra chicken curry ",
      "chicken curry"
    ]
  },
  {
    "value": "Apollo Fish",
    "synonyms": [
      "apollo fish"
    ]
  },
  {
    "value": "Aritaku Chicken Family Pack",
    "synonyms": [
      "aritaku chicken family pack",
      "family pack aritaku chicken"
    ]
  },
  {
    "value": "Aritaku Chicken Pulao",
    "synonyms": [
      "aritaku chicken pulao",
      "chicken aritaku pulao",
      "chicken aritaku pulav"
    ]
  },
  {
    "value": "Aritaku Goat Family Pack",
    "synonyms": [
      "aritaku goat family pack",
      "family pack aritaku goat"
    ]
  },
  {
    "value": "Aritaku Goat Pulao",
    "synonyms": [
      "aritaku goat pulao",
      "goat aritaku pulao",
      "goat aritaku pulav"
    ]
  },
  {
    "value": "Aritaku Guthi Vankay Family",
    "synonyms": [
      "aritaku guthi vankay family",
      "aritaku gutti vankaya family pack",
      "family pack aritaku gutti vankaya",
      "aritaku guttivankaya family pack",
      "family pack aritaku guttivankaya"
    ]
  },
  {
    "value": "Aritaku Guttivankaya Pulao",
    "synonyms": [
      "aritaku guttivankaya pulao",
      "guttivankaya aritaku pulao",
      "guttivankaya aritaku pulav",
      "aritaku guttivankaya pulav"
    ]
  },
  {
    "value": "Aritaku Kaju Paneer Family",
    "synonyms": [
      "aritaku kaju paneer family",
      "kaju paneer aritaku family"
    ]
  },
  {
    "value": "Aritaku Kaju Paneer Pulao",
    "synonyms": [
      "aritaku kaju paneer pulao",
      "aritaku kaju paneer pulav",
      "aritaku kaju paneer pualo"
    ]
  },
  {
    "value": "Avakaya Chicken Biryani ",
    "synonyms": [
      "avakaya chicken biryani ",
      "Chicken Avakaya Biryani ",
      "Chicken Avakaya ",
      "Avakaya Chicken"
    ]
  },
  {
    "value": "Avakaya Paneer Biryani ",
    "synonyms": [
      "avakaya paneer biryani ",
      "Paneer Avakaya Biryani ",
      "Paneer Avakaya",
      "Avakaya Paneer"
    ]
  },
  {
    "value": "Bullet Naan",
    "synonyms": [
      "bullet naan",
      "naan bullet",
      "bullet bread"
    ]
  },
  {
    "value": "Butter Chicken",
    "synonyms": [
      "butter chicken",
      "chicken butter",
      "butter chicken curry",
      "chicken butter curry"
    ]
  },
  {
    "value": "Butter Milk",
    "synonyms": [
      "butter milk"
    ]
  },
  {
    "value": "Butter Naan",
    "synonyms": [
      "butter naan",
      "butter naan ",
      "butter bread"
    ]
  },
  {
    "value": "Chai",
    "synonyms": [
      "chai",
      "tea"
    ]
  },
  {
    "value": "Chana Masala",
    "synonyms": [
      "chana masala"
    ]
  },
  {
    "value": "Chapathi",
    "synonyms": [
      "chapathi"
    ]
  },
  {
    "value": "Chapathi with Chicken Kurma",
    "synonyms": [
      "chapathi with chicken kurma",
      "chicken kurma with chapathi",
      "chicken kurma with bread"
    ]
  },
  {
    "value": "Chapathi with Veg Kurma",
    "synonyms": [
      "chapathi with veg kurma",
      "veg kurma with chapathi",
      "veg kurma with bread"
    ]
  },
  {
    "value": "Cheese Naan",
    "synonyms": [
      "cheese naan",
      "cheese bread",
      "chese naan",
      "chese bread"
    ]
  },
  {
    "value": "Chef Special Dessert",
    "synonyms": [
      "chef special dessert",
      "special desert",
      "special dessert",
      "dessert"
    ]
  },
  {
    "value": "Chennai Chicken Pakoda",
    "synonyms": [
      "chennai chicken pakoda",
      "chicken pakodi",
      "chicken chennai pakoda",
      "chennai chicken pakodi"
    ]
  },
  {
    "value": "Chicken 007",
    "synonyms": [
      "chicken 007",
      "007 chicken"
    ]
  },
  {
    "value": "Chicken 555",
    "synonyms": [
      "chicken 555",
      "chicekn 555",
      "555 chicken"
    ]
  },
  {
    "value": "Chicken 65",
    "synonyms": [
      "chicken 65",
      "special chicken 65",
      "chicken 65 dry"
    ]
  },
  {
    "value": "Chicken Chettinadu",
    "synonyms": [
      "chicken chettinadu",
      "Chicken Chettinadu curry",
      "Chettinadu Chicken curry"
    ]
  },
  {
    "value": "Chicken Dum Biryani ",
    "synonyms": [
      "chicken dum biryani ",
      "chicken biryani"
    ]
  },
  {
    "value": "Chicken Fried rice",
    "synonyms": [
      "chicken fried rice",
      "fried chicken rice"
    ]
  },
  {
    "value": "Chicken Fry Biryani ",
    "synonyms": [
      "chicken fry biryani ",
      "chicken fry biryani",
      "fry chicken biryani",
      "fry briyani"
    ]
  },
  {
    "value": "Chicken Kurma",
    "synonyms": [
      "chicken kurma",
      "chicken kurma curry",
      "kurma chicken curry",
      "kurma chicken"
    ]
  },
  {
    "value": "Chicken Manchurian",
    "synonyms": [
      "chicken manchurian",
      "manchurian chicken",
      "chicken manchuria",
      "manchuria chicken"
    ]
  },
  {
    "value": "Chicken pepper Fry",
    "synonyms": [
      "chicken pepper fry",
      "chicken pepper ",
      "pepper chicken fry"
    ]
  },
  {
    "value": "Chicken Tikka Kabab",
    "synonyms": [
      "chicken tikka kabab",
      "tikka chicken kabab",
      "chicken tikka kabob"
    ]
  },
  {
    "value": "Chicken Tikka Masala",
    "synonyms": [
      "chicken tikka masala",
      "tikka chicken masala curry",
      "chicken tikka curry",
      "chicken tikka",
      "panner tikka Masala"
    ]
  },
  {
    "value": "Chicken Tikka Shawarma",
    "synonyms": [
      "chicken tikka shawarma",
      "chicken shawarma",
      "shawarma chicken"
    ]
  },
  {
    "value": "Chilli Chicken",
    "synonyms": [
      "chilli chicken",
      "Chilli chicken",
      "chili chicken",
      "chicken chilli"
    ]
  },
  {
    "value": "Chilli Gobi",
    "synonyms": [
      "chilli gobi",
      "Chilli gobi",
      "gobi chilli",
      "chili gobi"
    ]
  },
  {
    "value": "Chilli Paneer",
    "synonyms": [
      "chilli paneer",
      "Chilli Paneer",
      "paneer chili"
    ]
  },
  {
    "value": "Chilli Shrimp",
    "synonyms": [
      "chilli shrimp",
      "Chilli Shrimp",
      "shrimp chili"
    ]
  },
  {
    "value": "Chole Bhatura",
    "synonyms": [
      "chole bhatura",
      "bhatura",
      "chole bathura ",
      "bathura"
    ]
  },
  {
    "value": "Coke - Glass bottle",
    "synonyms": [
      "coke - glass bottle",
      "coke"
    ]
  },
  {
    "value": "Cut Mirchi",
    "synonyms": [
      "cut mirchi",
      "mirchi cut"
    ]
  },
  {
    "value": "Dal Tadka",
    "synonyms": [
      "dal tadka",
      "dal",
      "pappu"
    ]
  },
  {
    "value": "Dewani Handi",
    "synonyms": [
      "dewani handi",
      "dewani handi curry",
      "dewani curry"
    ]
  },
  {
    "value": "Drinks Soda/water",
    "synonyms": [
      "drinks soda/water",
      "soda",
      "water",
      "drink"
    ]
  },
  {
    "value": "Egg Biryani ",
    "synonyms": [
      "egg biryani ",
      "biryani egg",
      "kodi pulao family pack"
    ]
  },
  {
    "value": "Egg Bonda",
    "synonyms": [
      "egg bonda",
      "egg bonda ",
      "bonda"
    ]
  },
  {
    "value": "Egg Burji",
    "synonyms": [
      "egg burji",
      "guddu porutu"
    ]
  },
  {
    "value": "Egg Curry",
    "synonyms": [
      "egg curry",
      "guddu pulusu",
      "guddu curry"
    ]
  },
  {
    "value": "Egg Dosa ",
    "synonyms": [
      "egg dosa "
    ]
  },
  {
    "value": "Egg Fried rice",
    "synonyms": [
      "egg fried rice",
      "fried egg rice"
    ]
  },
  {
    "value": "Family Pack-Avakaya Chicken Biryani ",
    "synonyms": [
      "family pack-avakaya chicken biryani ",
      "Diet Coke",
      "diet coke"
    ]
  },
  {
    "value": "Family Pack-Avakaya Paneer Biryani ",
    "synonyms": [
      "family pack-avakaya paneer biryani ",
      "Dil Bahar 1pc",
      "dil bahar 1pc",
      "dil bahar"
    ]
  },
  {
    "value": "Family Pack-Chicken Dum Biryani ",
    "synonyms": [
      "family pack-chicken dum biryani ",
      "Family Pack - Chicken Dum Biryani",
      "family pack - chicken dum biryani",
      "family pack chicken dum biryani",
      "chicken dum biryani family pack",
      "chicken biryani family pack"
    ]
  },
  {
    "value": "Family Pack-Chicken Fry Biryani ",
    "synonyms": [
      "family pack-chicken fry biryani ",
      "Family Pack - Chicken Fry Biryani",
      "family pack - chicken fry biryani",
      "family pack chicken fry biryani",
      "chicken fry biryani family pack"
    ]
  },
  {
    "value": "Family Pack-Egg Biryani ",
    "synonyms": [
      "family pack-egg biryani ",
      "Family Pack - Egg Biryani",
      "family pack - egg biryani",
      "family pack egg biryani",
      "egg biryani family pack"
    ]
  },
  {
    "value": "Family Pack-Fish Biryani ",
    "synonyms": [
      "family pack-fish biryani ",
      "Family Pack - Fish Biryani",
      "family pack - fish biryani",
      "family pack fish biryani",
      "fish biryani family pack"
    ]
  },
  {
    "value": "Family Pack-Goat Fry Biryani ",
    "synonyms": [
      "family pack-goat fry biryani ",
      "Family Pack - Goat Fry Biryani",
      "family pack - goat fry biryani",
      "family pack goat fry biryani",
      "goat fry biryani family pack"
    ]
  },
  {
    "value": "Family Pack-Gongura Chicken Biryani ",
    "synonyms": [
      "family pack-gongura chicken biryani ",
      "Family Pack - Gongura Chicken Dum Biryani",
      "family pack - gongura chicken dum biryani",
      "family pack gongura chicken dum biryani",
      "gongura chicken dum biryani family pack"
    ]
  },
  {
    "value": "Family Pack-Gongura Paneer Biryani ",
    "synonyms": [
      "family pack-gongura paneer biryani ",
      "Family Pack - Gongura Paneer Biryani",
      "family pack - gongura paneer biryani",
      "family pack gongura paneer biryani",
      "gongura paneer biryani family pack"
    ]
  },
  {
    "value": "Family Pack-Kaju paneer Biryani ",
    "synonyms": [
      "family pack-kaju paneer biryani ",
      "Family Pack - Paneer Biryani",
      "family pack - paneer biryani",
      "panner biryani family pack",
      "family pack paneer biryani",
      "family pack panner biryani"
    ]
  },
  {
    "value": "Family Pack-Mutton Dum Biryani ",
    "synonyms": [
      "family pack-mutton dum biryani ",
      "Family Pack - Goat Dum Biryani",
      "family pack - goat dum biryani",
      "family pack goat dum biryani",
      "goat dum biryani family pack",
      "goat biryani family pack"
    ]
  },
  {
    "value": "Family Pack-Shrimp Biryani ",
    "synonyms": [
      "family pack-shrimp biryani ",
      "Family Pack - Shrimp Biryani",
      "family pack - shrimp biryani",
      "family pack shrimp biryani",
      "shrimp biryani family pack"
    ]
  },
  {
    "value": "Family Pack-Special Chicken Biryani (Boneless) ",
    "synonyms": [
      "family pack-special chicken biryani (boneless) ",
      "Family Pack - Special Chicken Biryani",
      "family pack - special chicken biryani",
      "family pack special chicken biryani",
      "special chicken biryani family pack",
      "boneless chicken biryani family pack"
    ]
  },
  {
    "value": "Family Pack-Veg Dum Biryani  ",
    "synonyms": [
      "family pack-veg dum biryani  ",
      "Family Pack - Veg Dum Biryani",
      "family pack - veg dum biryani",
      "family pack veg dum biryani",
      "veg dum biryani family pack",
      "family pack veg biryani"
    ]
  },
  {
    "value": "Fish Biryani ",
    "synonyms": [
      "fish biryani ",
      "Fish Biryani"
    ]
  },
  {
    "value": "Fish Vindaloo ",
    "synonyms": [
      "fish vindaloo ",
      "fish vindaloo",
      "vindaloo fish curry",
      "fish vindaloo curry"
    ]
  },
  {
    "value": "Friday Tandoori Bucket",
    "synonyms": [
      "friday tandoori bucket",
      "tandoori bucket",
      "tandoori Friday bucket",
      "Friday bucket"
    ]
  },
  {
    "value": "Friday Tandoori Choice 2",
    "synonyms": [
      "friday tandoori choice 2",
      "Friday tandoori choice",
      "tandoori Friday choice"
    ]
  },
  {
    "value": "Garlic Naan",
    "synonyms": [
      "garlic naan",
      "Garlic Naan",
      "garlic bread"
    ]
  },
  {
    "value": "Ghee roast Dosa ",
    "synonyms": [
      "ghee roast dosa ",
      "ghee roast dosa",
      "roast ghee dosa",
      "ghee dosa"
    ]
  },
  {
    "value": "Goat Chettinadu",
    "synonyms": [
      "goat chettinadu",
      "goat chettinad",
      "chettinad goat",
      "chettinadu goat curry",
      "goat chettinadu curry"
    ]
  },
  {
    "value": "Goat Fry Biryani ",
    "synonyms": [
      "goat fry biryani ",
      "goat fry biryani",
      "fry goat biryani"
    ]
  },
  {
    "value": "Goat Fry Pulao",
    "synonyms": [
      "goat fry pulao",
      "goat fry pualo",
      "goat fry pulav",
      "fry goat pualo",
      "fry goat pulav"
    ]
  },
  {
    "value": "Goat Fry Pulao Family",
    "synonyms": [
      "goat fry pulao family",
      "goat fry pualo family pack",
      "family pack goat pualo ",
      "family pack goat pulav",
      "goat fry family pack pualo",
      "goat fry family pack pulav"
    ]
  },
  {
    "value": "Gobi 65",
    "synonyms": [
      "gobi 65",
      "65 gobi",
      "cauliflower 65"
    ]
  },
  {
    "value": "Gobi Manchurian",
    "synonyms": [
      "gobi manchurian",
      "gobi manchuria",
      "manchuria gobi",
      "cauliflower manchuria"
    ]
  },
  {
    "value": "Golconda Goat Sukka(Dry)",
    "synonyms": [
      "golconda goat sukka(dry)",
      "goat sukka dry",
      "goat sukka",
      "golconda goat dry"
    ]
  },
  {
    "value": "Gongura Chicken Biryani",
    "synonyms": [
      "gongura chicken biryani",
      "chicken gongura biryani",
      "gongura biryani chicken"
    ]
  },
  {
    "value": "Gongura Chicken Biryani Family",
    "synonyms": [
      "gongura chicken biryani family",
      "chicken gongura biryani family",
      "gongura biryani chicken family",
      "chicken gongura biryani family pack",
      "gongura biryani chicken family pack"
    ]
  },
  {
    "value": "Gongura Chicken Curry ",
    "synonyms": [
      "gongura chicken curry ",
      "gonguara chicken curry",
      "gongura chicken",
      "gonguara chicken"
    ]
  },
  {
    "value": "Gongura Goat Biryani",
    "synonyms": [
      "gongura goat biryani",
      "goat gonguara biryani",
      "gonguara goat biryani"
    ]
  },
  {
    "value": "Gongura Goat Biryani Family",
    "synonyms": [
      "gongura goat biryani family",
      "goat gonguara biryani family",
      "gonguara goat biryani family",
      "gongura goat biryani family pack",
      "gonguara goat biryani family pack"
    ]
  },
  {
    "value": "Gongura Goat Curry",
    "synonyms": [
      "gongura goat curry",
      "gonguara goat curry",
      "goat gongura",
      "goat gonguara"
    ]
  },
  {
    "value": "Gongura Paneer Biryani ",
    "synonyms": [
      "gongura paneer biryani ",
      "gonguara paneer biryani",
      "gongura paneer biryani",
      "panner gonguara biryani",
      "paneer gongura biryani"
    ]
  },
  {
    "value": "Guddu(Egg) Pulusu ",
    "synonyms": [
      "guddu(egg) pulusu ",
      "guddu pulusu",
      "egg pulusu"
    ]
  },
  {
    "value": "Gulab Jamun",
    "synonyms": [
      "gulab jamun",
      "jamun gulab",
      "jamun"
    ]
  },
  {
    "value": "Guntur Karam Dosa ",
    "synonyms": [
      "guntur karam dosa ",
      "karam dosa",
      "guntur dosa",
      "guntur karam"
    ]
  },
  {
    "value": "Gutti Vankaya",
    "synonyms": [
      "gutti vankaya",
      "gutthi vankaya",
      "brinjal curry"
    ]
  },
  {
    "value": "Hot and Sour Soup - Chicken",
    "synonyms": [
      "hot and sour soup - chicken",
      "hot and sour chicken soup",
      "chicken hot and sour soup",
      "hot \u0026 sour chicken soup",
      "chicken hot \u0026 sour soup"
    ]
  },
  {
    "value": "Hot and Sour Soup -Veg",
    "synonyms": [
      "hot and sour soup -veg",
      "hot and sour veg soup",
      "veg hot and sour soup",
      "hot \u0026 sour veg soup",
      "veg hot \u0026 sour soup"
    ]
  },
  {
    "value": "House Special Chicken Shawarma",
    "synonyms": [
      "house special chicken shawarma",
      "chicken shawarma",
      "shawarma chicken",
      "special chicken shawarma"
    ]
  },
  {
    "value": "House Special Paneer Shawarma",
    "synonyms": [
      "house special paneer shawarma",
      "paneer shawarma",
      "shawarma paneer",
      "special paneer shawarma"
    ]
  },
  {
    "value": "House Special Veg Spring Rools",
    "synonyms": [
      "house special veg spring rools",
      "veg spring rolls",
      "spring rolls",
      "veg rolls"
    ]
  },
  {
    "value": "Idly (3PC)",
    "synonyms": [
      "idly",
      "plain idly",
      "simple idly"
    ]
  },
  {
    "value": "Idly Vada Combo ",
    "synonyms": [
      "idly vada combo ",
      "idly vada",
      "idly wada"
    ]
  },
  {
    "value": "Irani Chai",
    "synonyms": [
      "irani chai",
      "chai",
      "irani tea",
      "tea"
    ]
  },
  {
    "value": "Kadai Chicken ",
    "synonyms": [
      "kadai chicken ",
      "chicken kadai",
      "kadai chicken curry",
      "chicken kadai curry"
    ]
  },
  {
    "value": "Kadai Paneer",
    "synonyms": [
      "kadai paneer",
      "paneer kadai",
      "kadai paneer curry",
      "paneer kadai curry"
    ]
  },
  {
    "value": "Kaju paneer Biryani ",
    "synonyms": [
      "kaju paneer biryani ",
      "paneer biryani",
      "kaju biryani",
      "kaju paneer",
      "paneer kaju biryani",
      "paneer kaju"
    ]
  },
  {
    "value": "Kids Dosa (Plain/Cheese) ",
    "synonyms": [
      "kids dosa (plain/cheese) ",
      "kids dosa",
      "kids chesse dosa",
      "kids plain dosa"
    ]
  },
  {
    "value": "Kids Uttapam (Plain/Cheese) ",
    "synonyms": [
      "kids uttapam (plain/cheese) ",
      "kids uttapam",
      "kids plain uttapam",
      "kids chesse uttapam",
      "plain kids uttapam",
      "chesse kids uttapam",
      "plain uttapam",
      "cheese uttapam"
    ]
  },
  {
    "value": "Kodi Vepudu Pulao",
    "synonyms": [
      "kodi vepudu pulao",
      "kodi vepudu pulav",
      "kodi pulav",
      "kodi pualo"
    ]
  },
  {
    "value": "Kodi Vepudu Pulav Family",
    "synonyms": [
      "kodi vepudu pulav family",
      "kodi vepudu pulav family pack",
      "kodi pulav family pack",
      "kodi pualo family pack"
    ]
  },
  {
    "value": "Konaseema Kodi Vepudu",
    "synonyms": [
      "konaseema kodi vepudu",
      "konseema vepudu ",
      "kodi vepudu"
    ]
  },
  {
    "value": "Limca",
    "synonyms": [
      "limca"
    ]
  },
  {
    "value": "Malai Chicken Curry",
    "synonyms": [
      "malai chicken curry",
      "chicken malai curry",
      "malai chicken"
    ]
  },
  {
    "value": "Malai Kofta",
    "synonyms": [
      "malai kofta",
      "malai kofta curry",
      "kofta curry"
    ]
  },
  {
    "value": "Mango Lassi",
    "synonyms": [
      "mango lassi"
    ]
  },
  {
    "value": "Masala Dosa ",
    "synonyms": [
      "masala dosa ",
      "dosa masala",
      "masala dosai"
    ]
  },
  {
    "value": "Masala French Fries",
    "synonyms": [
      "masala french fries",
      "frecnh fries"
    ]
  },
  {
    "value": "Mirapakai Chicken",
    "synonyms": [
      "mirapakai chicken",
      "chicken mirpakai",
      "mirpa chicken"
    ]
  },
  {
    "value": "Mirchi Bajji",
    "synonyms": [
      "mirchi bajji",
      "bajji michi",
      "bhajji mirchi",
      "michi bhajji"
    ]
  },
  {
    "value": "Mix Veg Pakora",
    "synonyms": [
      "mix veg pakora",
      "veg pakora",
      "veg pakhora",
      "mix veg pakhora"
    ]
  },
  {
    "value": "Mutton Dum Biryani ",
    "synonyms": [
      "mutton dum biryani",
      "mutton biryani",
      "dum mutton biryani",
      "goat dum biryani",
      "goat biryani"
    ]
  },
  {
    "value": "Mutton Rogan Josh ",
    "synonyms": [
      "mutton rogan josh ",
      "mutton rogan josh curry",
      "mutton rogan curry"
    ]
  },
  {
    "value": "Mysore Masala Dosa ",
    "synonyms": [
      "mysore masala dosa ",
      "masala mysore dosa",
      "mysore masala dosai",
      "masala mysore dosai"
    ]
  },
  {
    "value": "Navratan Kurma",
    "synonyms": [
      "navratan kurma",
      "navrthana kurma curry",
      "navrathana curry",
      "navrthana kurma "
    ]
  },
  {
    "value": "Nellore Chepala Pulusu ",
    "synonyms": [
      "nellore chepala pulusu ",
      "chepala pulusu",
      "chepala pulusu curry",
      "Nellore Chepala Pulusu curry"
    ]
  },
  {
    "value": "Nizam Goat Curry ",
    "synonyms": [
      "nizam goat curry ",
      "nizam curry goat",
      "nizam goat curry",
      "goat curry"
    ]
  },
  {
    "value": "Non Veg Butta - Weekend",
    "synonyms": [
      "non veg butta - weekend",
      "non veg weekend butta bhojnam",
      "non veg weekend butta",
      "non veg weekend buttha bhojnam",
      "non veg weekend buttha"
    ]
  },
  {
    "value": "Onion Chili Uttappam ",
    "synonyms": [
      "onion chili uttappam ",
      "chilli onion uttapam",
      "onion chilli uttapam"
    ]
  },
  {
    "value": "Onion Dosa ",
    "synonyms": [
      "onion dosa ",
      "onion dosai",
      "dosai onion"
    ]
  },
  {
    "value": "Onion Kulcha",
    "synonyms": [
      "onion kulcha",
      "kulcha onion"
    ]
  },
  {
    "value": "Onion Pakora",
    "synonyms": [
      "onion pakora",
      "onion pakhora ",
      "pakora onion ",
      "onion pakhora"
    ]
  },
  {
    "value": "Palak Paneer",
    "synonyms": [
      "palak paneer",
      "paneer palak curry",
      "palak paneer curry"
    ]
  },
  {
    "value": "Paneer 65",
    "synonyms": [
      "paneer 65",
      "65 paneer"
    ]
  },
  {
    "value": "Paneer Makhani",
    "synonyms": [
      "paneer makhani",
      "makhani paneer",
      "makhani paneer curry",
      "paneer makhani curry"
    ]
  },
  {
    "value": "Paneer Manchurian",
    "synonyms": [
      "paneer manchurian",
      "paneer manchuria",
      "manchuria paneer",
      "manchurian paneer"
    ]
  },
  {
    "value": "Paneer Tikka",
    "synonyms": [
      "paneer tikka",
      "paneer tikka curry",
      "tikka paneer curry"
    ]
  },
  {
    "value": "Paneer Tikka Masala",
    "synonyms": [
      "paneer tikka masala",
      "paneer tikka masala curry",
      "tikka paneer masala curry",
      "paneer masala curry"
    ]
  },
  {
    "value": "Paneer Tikka Shawarma",
    "synonyms": [
      "paneer tikka shawarma",
      "shawarma tikka paneer",
      "special paneer tikka shawarma"
    ]
  },
  {
    "value": "Paper 75 MM Dosa",
    "synonyms": [
      "paper 75 mm dosa",
      "75 dosa",
      "75 mm dosa",
      "75 dosai",
      "75 mm dosai",
      "paper dosa",
      "paper dosai"
    ]
  },
  {
    "value": "Peshawari Naan",
    "synonyms": [
      "peshawari naan",
      "naan peshawari",
      "naan peshwari",
      "peshawari bread"
    ]
  },
  {
    "value": "Plain Dosa",
    "synonyms": [
      "plain dosa",
      "plian dosai"
    ]
  },
  {
    "value": "Plain Lassi",
    "synonyms": [
      "plain lassi",
      "lassi"
    ]
  },
  {
    "value": "Plain Naan",
    "synonyms": [
      "plain naan",
      "naan",
      "bread"
    ]
  },
  {
    "value": "Plain Rice",
    "synonyms": [
      "plain rice",
      "rice",
      "white rice"
    ]
  },
  {
    "value": "Plain Uttappam ",
    "synonyms": [
      "plain uttappam ",
      "uttapam",
      "uttappam"
    ]
  },
  {
    "value": "Poori Masala",
    "synonyms": [
      "poori masala",
      "poori",
      "masala poori",
      "puri",
      "masala puri"
    ]
  },
  {
    "value": "Popcorn Shrimp",
    "synonyms": [
      "popcorn shrimp",
      "shrimp popcorn"
    ]
  },
  {
    "value": "Punugulu",
    "synonyms": [
      "punugulu"
    ]
  },
  {
    "value": "Raju Gari Kodi Pulao",
    "synonyms": [
      "raju gari kodi pulao",
      "raju gari kodi pulav",
      "raju gari pulav"
    ]
  },
  {
    "value": "Raju Gari Kodi Pulao Family",
    "synonyms": [
      "raju gari kodi pulao family",
      "raju gari kodi pulav family",
      "raju gari pulav familly",
      "raju gari kodi pulav family pack",
      "raju gari pulav familly pack",
      "raju gari kodi pulao family pack"
    ]
  },
  {
    "value": "Rasmalai",
    "synonyms": [
      "rasmalai"
    ]
  },
  {
    "value": "Sambar",
    "synonyms": [
      "sambar"
    ]
  },
  {
    "value": "Sambar Idly ",
    "synonyms": [
      "sambar idly ",
      "idly  sambar",
      "ildi sambar",
      "samabr idli"
    ]
  },
  {
    "value": "Sambar Vada",
    "synonyms": [
      "sambar vada",
      "wada sambar ",
      "samabr wada"
    ]
  },
  {
    "value": "Samosa",
    "synonyms": [
      "samosa"
    ]
  },
  {
    "value": "Samosa Chaat",
    "synonyms": [
      "samosa chaat",
      "chat samaosa",
      "samosa chat"
    ]
  },
  {
    "value": "Shrimp Biryani ",
    "synonyms": [
      "shrimp biryani ",
      "biryani shrimp",
      "prawns biryani",
      "prawn biryani"
    ]
  },
  {
    "value": "Shrimp Fried rice",
    "synonyms": [
      "shrimp fried rice",
      "prawn fried rice",
      "prawns fried rice"
    ]
  },
  {
    "value": "Shrimp Masala ",
    "synonyms": [
      "shrimp masala ",
      "shrimp masala curry",
      "prawns curry",
      "prawns masala curry"
    ]
  },
  {
    "value": "Soda",
    "synonyms": [
      "soda"
    ]
  },
  {
    "value": "Soda Big",
    "synonyms": [
      "soda big",
      "big soda"
    ]
  },
  {
    "value": "South Indian Rasam",
    "synonyms": [
      "south indian rasam",
      "rasam",
      "chaaru"
    ]
  },
  {
    "value": "Special Chicken Biryani",
    "synonyms": [
      "special chicken biryani",
      "bonelsess chicken biryani",
      "chicken boneless biryani",
      "special chicken boneless biryani",
      "special boneless chicken biryani"
    ]
  },
  {
    "value": "Spinach Dal",
    "synonyms": [
      "spinach dal",
      "spinach pappu",
      "dal spinach"
    ]
  },
  {
    "value": "Spinach Pakora ",
    "synonyms": [
      "spinach pakora ",
      "pakhora spinach",
      "pakora spianch"
    ]
  },
  {
    "value": "Tandoori Butter Roti",
    "synonyms": [
      "tandoori butter roti",
      "tandoori butter bread ",
      "thndhoori butter roti"
    ]
  },
  {
    "value": "Tandoori Chicken",
    "synonyms": [
      "tandoori chicken",
      "chicken tandoori",
      "chicken tandhoori"
    ]
  },
  {
    "value": "Tandoori Mix Grill",
    "synonyms": [
      "tandoori mix grill",
      "mix grill",
      "tandhoori mix grill",
      "tandhoori mix",
      "tandoori grill"
    ]
  },
  {
    "value": "Tandoori Roti",
    "synonyms": [
      "tandoori roti",
      "tandhoori bread"
    ]
  },
  {
    "value": "Tangdi Kabab",
    "synonyms": [
      "tangdi kabab",
      "tangdhi kabob",
      "tangdi kabob"
    ]
  },
  {
    "value": "Tawa Fish",
    "synonyms": [
      "tawa fish",
      "fish tawa"
    ]
  },
  {
    "value": "Thumbs Up",
    "synonyms": [
      "thumbs up"
    ]
  },
  {
    "value": "Tomato Soup",
    "synonyms": [
      "tomato soup",
      "soup tomato"
    ]
  },
  {
    "value": "Vada",
    "synonyms": [
      "vada",
      "wada"
    ]
  },
  {
    "value": "Veg Butta - Weekend",
    "synonyms": [
      "veg butta - weekend",
      "veg weekend butta bhojnam",
      "veg weekend butta",
      "veg weekend buttha bhojnam",
      "veg weekend buttha"
    ]
  },
  {
    "value": "Veg Dum Biryani  ",
    "synonyms": [
      "veg dum biryani  ",
      "veg biryani",
      "dum veg biryani"
    ]
  },
  {
    "value": "Veg Fried rice",
    "synonyms": [
      "veg fried rice"
    ]
  },
  {
    "value": "Veg Manchurian",
    "synonyms": [
      "veg manchurian",
      "veg manchuria"
    ]
  },
  {
    "value": "Vegetable Chettinadu",
    "synonyms": [
      "vegetable chettinadu",
      "veg chettinadu curry",
      "cheetinadu veg curry",
      "cheetinadu veg",
      "Vegetable Chettinadu curry"
    ]
  },
  {
    "value": "everyday meal plan veg",
    "synonyms": [
      "everyday meal plan veg",
      "meal plan veg",
      "veg meal plan",
      "veg plan",
      "everyday meal plan",
      "Veg meal plan",
      "Veg meal",
      "Meal plan"
    ]
  },
  {
    "value": "everyday meal plan non-veg",
    "synonyms": [
      "everyday meal plan non-veg",
      "non veg meal plan",
      "meal plan non veg",
      "non vegeterian meal",
      "Non veg meal plan",
      "Non veg meal",
      "meal non veg"
    ]
  }
]