[
  {
    "id": "68019587-6511-476d-a23a-09d067b2c9d9",
    "data": [
      {
        "text": "how to reach the restaurant",
        "userDefined": false
      }
    ],
    "isTemplate": false,
    "count": 0,
    "lang": "en",
    "updated": 0
  },
  {
    "id": "945df8b4-fafd-4140-839d-5af7db359d3f",
    "data": [
      {
        "text": "how to reach to you",
        "userDefined": false
      }
    ],
    "isTemplate": false,
    "count": 0,
    "lang": "en",
    "updated": 0
  },
  {
    "id": "a090fcc8-9003-4d44-a393-0503321f68f6",
    "data": [
      {
        "text": "where are you",
        "userDefined": false
      }
    ],
    "isTemplate": false,
    "count": 0,
    "lang": "en",
    "updated": 0
  },
  {
    "id": "8966b277-2d38-42aa-9513-a576fc7d33c1",
    "data": [
      {
        "text": "location",
        "userDefined": false
      }
    ],
    "isTemplate": false,
    "count": 0,
    "lang": "en",
    "updated": 0
  },
  {
    "id": "b608452f-2cba-4a74-a7a7-0a75e1389365",
    "data": [
      {
        "text": "your location",
        "userDefined": false
      }
    ],
    "isTemplate": false,
    "count": 0,
    "lang": "en",
    "updated": 0
  },
  {
    "id": "d7216458-82f6-40c5-93ad-433f7ceb7e18",
    "data": [
      {
        "text": "where are you located",
        "userDefined": false
      }
    ],
    "isTemplate": false,
    "count": 0,
    "lang": "en",
    "updated": 0
  }
]