[
  {
    "id": "1697debd-a6da-4d30-9baa-ea7d8eb61cee",
    "data": [
      {
        "text": "i have an issue with an order",
        "userDefined": false
      }
    ],
    "isTemplate": false,
    "count": 0,
    "lang": "en",
    "updated": 0
  },
  {
    "id": "b87bce0e-8ec6-41cb-8e08-17cede53d547",
    "data": [
      {
        "text": "i want to talk to person",
        "userDefined": false
      }
    ],
    "isTemplate": false,
    "count": 0,
    "lang": "en",
    "updated": 0
  },
  {
    "id": "756532b3-a908-4629-89ed-f8d5995ea542",
    "data": [
      {
        "text": "i have an issue with order",
        "userDefined": false
      }
    ],
    "isTemplate": false,
    "count": 0,
    "lang": "en",
    "updated": 0
  },
  {
    "id": "5be1f6c0-e127-423c-827f-56b1fbce1e85",
    "data": [
      {
        "text": "i want to talk to front desk",
        "userDefined": false
      }
    ],
    "isTemplate": false,
    "count": 0,
    "lang": "en",
    "updated": 0
  },
  {
    "id": "4833f909-91b4-4957-9597-2aeb43d05d4c",
    "data": [
      {
        "text": "agent",
        "userDefined": false
      }
    ],
    "isTemplate": false,
    "count": 0,
    "lang": "en",
    "updated": 0
  },
  {
    "id": "9ca0bdf5-e258-4f79-8fef-1314b44bfde8",
    "data": [
      {
        "text": "i want a catering order",
        "userDefined": false
      }
    ],
    "isTemplate": false,
    "count": 0,
    "lang": "en",
    "updated": 0
  }
]