[
  {
    "id": "76dfdc3c-26d5-4361-a76a-4b502130c6f5",
    "data": [
      {
        "text": "i have to place an order",
        "userDefined": false
      }
    ],
    "isTemplate": false,
    "count": 0,
    "lang": "en",
    "updated": 0
  },
  {
    "id": "2d668642-686c-456e-8b89-2beb494e27d5",
    "data": [
      {
        "text": "need to place an order",
        "userDefined": false
      }
    ],
    "isTemplate": false,
    "count": 0,
    "lang": "en",
    "updated": 0
  },
  {
    "id": "a7ab92c8-1780-4bca-976c-69cb2cdcfcea",
    "data": [
      {
        "text": "i want to place a togo order",
        "userDefined": false
      }
    ],
    "isTemplate": false,
    "count": 0,
    "lang": "en",
    "updated": 0
  },
  {
    "id": "9df3d449-3d6d-457f-9614-6b5037774878",
    "data": [
      {
        "text": "place an order",
        "userDefined": false
      }
    ],
    "isTemplate": false,
    "count": 0,
    "lang": "en",
    "updated": 0
  },
  {
    "id": "c518ce5d-447c-4730-afdf-265340de124f",
    "data": [
      {
        "text": "help me order food",
        "userDefined": false
      }
    ],
    "isTemplate": false,
    "count": 0,
    "lang": "en",
    "updated": 0
  },
  {
    "id": "32f23379-8ee3-46f4-ae0e-8ede30b256cd",
    "data": [
      {
        "text": "i want to order food",
        "userDefined": false
      }
    ],
    "isTemplate": false,
    "count": 0,
    "lang": "en",
    "updated": 0
  },
  {
    "id": "cd760384-c143-4d7a-b4e0-430a3724b8f3",
    "data": [
      {
        "text": "food order",
        "userDefined": false
      }
    ],
    "isTemplate": false,
    "count": 0,
    "lang": "en",
    "updated": 0
  },
  {
    "id": "92bf0b88-1979-4b6c-be9e-00b031b5bda8",
    "data": [
      {
        "text": "order food",
        "userDefined": false
      }
    ],
    "isTemplate": false,
    "count": 0,
    "lang": "en",
    "updated": 0
  }
]