[
  {
    "id": "32aee951-ae8c-4288-a9d2-200c8cf6c5b1",
    "data": [
      {
        "text": "thank you for the help",
        "userDefined": false
      }
    ],
    "isTemplate": false,
    "count": 0,
    "lang": "en",
    "updated": 0
  },
  {
    "id": "32a87fcc-bb6a-4362-ab80-c5f78d6bd220",
    "data": [
      {
        "text": "i appericiate your help",
        "userDefined": false
      }
    ],
    "isTemplate": false,
    "count": 0,
    "lang": "en",
    "updated": 0
  },
  {
    "id": "b30d5009-b66c-4792-9ade-4aca72ac1819",
    "data": [
      {
        "text": "thank you",
        "userDefined": false
      }
    ],
    "isTemplate": false,
    "count": 0,
    "lang": "en",
    "updated": 0
  }
]