[
  {
    "id": "c10f1c15-724f-476a-a375-f36d5546aba5",
    "data": [
      {
        "text": "i want it ",
        "userDefined": false
      },
      {
        "text": "mild",
        "meta": "@spicy_level",
        "alias": "spicy_level",
        "userDefined": false
      }
    ],
    "isTemplate": false,
    "count": 0,
    "lang": "en",
    "updated": 0
  },
  {
    "id": "9db2c55c-ac16-468c-9191-5833b52935ba",
    "data": [
      {
        "text": "not much spicy",
        "meta": "@spicy_level",
        "alias": "spicy_level",
        "userDefined": false
      }
    ],
    "isTemplate": false,
    "count": 0,
    "lang": "en",
    "updated": 0
  },
  {
    "id": "44af8f35-5ca6-4f86-9cbb-b7923a34f2b7",
    "data": [
      {
        "text": "medium spicy",
        "meta": "@spicy_level",
        "alias": "spicy_level",
        "userDefined": false
      }
    ],
    "isTemplate": false,
    "count": 0,
    "lang": "en",
    "updated": 0
  },
  {
    "id": "853dd193-89d3-4b00-9d67-28df433ca86f",
    "data": [
      {
        "text": "make it ",
        "userDefined": false
      },
      {
        "text": "mild",
        "meta": "@spicy_level",
        "alias": "spicy_level",
        "userDefined": false
      }
    ],
    "isTemplate": false,
    "count": 0,
    "lang": "en",
    "updated": 0
  },
  {
    "id": "60e044e3-2b1b-4cee-a9ab-b4c97f926b24",
    "data": [
      {
        "text": "make it ",
        "userDefined": false
      },
      {
        "text": "very spicy",
        "meta": "@spicy_level",
        "alias": "spicy_level",
        "userDefined": false
      }
    ],
    "isTemplate": false,
    "count": 0,
    "lang": "en",
    "updated": 0
  }
]