[
  {
    "id": "2b2eac5e-78d0-42e2-a623-7f18510ab148",
    "data": [
      {
        "text": "i need ",
        "userDefined": false
      },
      {
        "text": "plain naan",
        "meta": "@menu_item",
        "alias": "menu_item",
        "userDefined": true
      }
    ],
    "isTemplate": false,
    "count": 0,
    "lang": "en",
    "updated": 0
  },
  {
    "id": "87364e4f-a5cd-4822-84bd-c6058ff947b2",
    "data": [
      {
        "text": "plain naan",
        "meta": "@menu_item",
        "alias": "menu_item",
        "userDefined": true
      }
    ],
    "isTemplate": false,
    "count": 0,
    "lang": "en",
    "updated": 0
  },
  {
    "id": "cd68b167-fe6e-40af-aafb-25724191dce9",
    "data": [
      {
        "text": "can i get ",
        "userDefined": false
      },
      {
        "text": "idly",
        "meta": "@menu_item",
        "alias": "menu_item",
        "userDefined": true
      }
    ],
    "isTemplate": false,
    "count": 0,
    "lang": "en",
    "updated": 0
  },
  {
    "id": "87be2b23-2726-4394-b111-6254e8d5349a",
    "data": [
      {
        "text": "may be ",
        "userDefined": false
      },
      {
        "text": "plain vada",
        "meta": "@menu_item",
        "alias": "menu_item",
        "userDefined": true
      }
    ],
    "isTemplate": false,
    "count": 0,
    "lang": "en",
    "updated": 0
  },
  {
    "id": "3ab64fcd-ad88-4b1a-a930-e36d6b9e70da",
    "data": [
      {
        "text": "i will go with ",
        "userDefined": false
      },
      {
        "text": "sambar and vada",
        "meta": "@menu_item",
        "alias": "menu_item",
        "userDefined": true
      }
    ],
    "isTemplate": false,
    "count": 0,
    "lang": "en",
    "updated": 0
  },
  {
    "id": "49748bc8-593b-4c07-bc39-89169f4c7043",
    "data": [
      {
        "text": "how about ",
        "userDefined": false
      },
      {
        "text": "idly",
        "meta": "@menu_item",
        "alias": "menu_item",
        "userDefined": true
      }
    ],
    "isTemplate": false,
    "count": 0,
    "lang": "en",
    "updated": 0
  },
  {
    "id": "e60bf14e-917b-4b98-bc77-367e5169e237",
    "data": [
      {
        "text": "i want ",
        "userDefined": false
      },
      {
        "text": "vada",
        "meta": "@menu_item",
        "alias": "menu_item",
        "userDefined": true
      }
    ],
    "isTemplate": false,
    "count": 0,
    "lang": "en",
    "updated": 0
  },
  {
    "id": "65ea3e37-f05b-4326-ab73-0455e10d630e",
    "data": [
      {
        "text": "idly",
        "meta": "@menu_item",
        "alias": "menu_item",
        "userDefined": true
      }
    ],
    "isTemplate": false,
    "count": 0,
    "lang": "en",
    "updated": 0
  },
  {
    "id": "b83cfd5b-9ef9-41c9-8ee6-1e43286ecc7b",
    "data": [
      {
        "text": "chicken biryani",
        "meta": "@menu_item",
        "alias": "menu_item",
        "userDefined": true
      }
    ],
    "isTemplate": false,
    "count": 0,
    "lang": "en",
    "updated": 0
  },
  {
    "id": "43c0b63e-546c-4002-a49c-a40d72ed3ba2",
    "data": [
      {
        "text": "chicken dum biryani",
        "meta": "@menu_item",
        "alias": "menu_item",
        "userDefined": true
      }
    ],
    "isTemplate": false,
    "count": 0,
    "lang": "en",
    "updated": 0
  }
]