[
  {
    "id": "7de24f3b-dbc6-4d13-810b-b71c70f62b19",
    "data": [
      {
        "text": "i am good",
        "userDefined": false
      }
    ],
    "isTemplate": false,
    "count": 0,
    "lang": "en",
    "updated": 0
  },
  {
    "id": "67b263f4-687b-4195-8dde-1f7c4fd7c771",
    "data": [
      {
        "text": "i am done with ordering",
        "userDefined": false
      }
    ],
    "isTemplate": false,
    "count": 0,
    "lang": "en",
    "updated": 0
  },
  {
    "id": "5729397c-eb0d-464e-86c1-b26d33e9b4b6",
    "data": [
      {
        "text": "checkout",
        "userDefined": false
      }
    ],
    "isTemplate": false,
    "count": 0,
    "lang": "en",
    "updated": 0
  }
]