[
  {
    "id": "34d9d1ec-2d6b-4122-85ab-2d58a211ce6e",
    "data": [
      {
        "text": "sure add it",
        "userDefined": false
      }
    ],
    "isTemplate": false,
    "count": 0,
    "lang": "en",
    "updated": 0
  },
  {
    "id": "fc985f4d-e6fb-48a6-9db9-db7f0c4839d8",
    "data": [
      {
        "text": "ok",
        "userDefined": false
      }
    ],
    "isTemplate": false,
    "count": 0,
    "lang": "en",
    "updated": 0
  },
  {
    "id": "4e49c30e-0ac4-4c73-8a01-f96bd1672384",
    "data": [
      {
        "text": "add it to cart",
        "userDefined": false
      }
    ],
    "isTemplate": false,
    "count": 0,
    "lang": "en",
    "updated": 0
  },
  {
    "id": "4044cf24-7de3-4bef-ad3e-88f9197ddc3f",
    "data": [
      {
        "text": "yeah sure",
        "userDefined": false
      }
    ],
    "isTemplate": false,
    "count": 0,
    "lang": "en",
    "updated": 0
  },
  {
    "id": "2f91d427-1c4f-47a2-9839-ea77c93a80e6",
    "data": [
      {
        "text": "yes",
        "userDefined": false
      }
    ],
    "isTemplate": false,
    "count": 0,
    "lang": "en",
    "updated": 0
  }
]