[
  {
    "id": "23869668-0a27-423d-baf2-5566647fb092",
    "data": [
      {
        "text": "yeah add one more itme",
        "userDefined": false
      }
    ],
    "isTemplate": false,
    "count": 0,
    "lang": "en",
    "updated": 0
  },
  {
    "id": "d68859b0-7663-4f7d-a7cc-6e86c6d568e5",
    "data": [
      {
        "text": "yes add more",
        "userDefined": false
      }
    ],
    "isTemplate": false,
    "count": 0,
    "lang": "en",
    "updated": 0
  },
  {
    "id": "0b533e77-2804-41bb-ad8a-ba5b9c14ddc9",
    "data": [
      {
        "text": "i want another item as well",
        "userDefined": false
      }
    ],
    "isTemplate": false,
    "count": 0,
    "lang": "en",
    "updated": 0
  },
  {
    "id": "310c09b7-4391-4182-8c63-127797983428",
    "data": [
      {
        "text": "i want to add more item",
        "userDefined": false
      }
    ],
    "isTemplate": false,
    "count": 0,
    "lang": "en",
    "updated": 0
  },
  {
    "id": "bad69421-1b05-416c-ab4c-6849f81ccf9c",
    "data": [
      {
        "text": "yeah",
        "userDefined": false
      }
    ],
    "isTemplate": false,
    "count": 0,
    "lang": "en",
    "updated": 0
  },
  {
    "id": "595d372a-d503-40f4-baa8-417ddf50fa0b",
    "data": [
      {
        "text": "yes",
        "userDefined": false
      }
    ],
    "isTemplate": false,
    "count": 0,
    "lang": "en",
    "updated": 0
  }
]