[
  {
    "id": "5e24c922-655a-4798-ad8e-b0e9de65ea6e",
    "data": [
      {
        "text": "its good",
        "userDefined": false
      }
    ],
    "isTemplate": false,
    "count": 0,
    "lang": "en",
    "updated": 0
  },
  {
    "id": "ed05f63e-a143-4200-a038-46c0efa347f0",
    "data": [
      {
        "text": "i am fine",
        "userDefined": false
      }
    ],
    "isTemplate": false,
    "count": 0,
    "lang": "en",
    "updated": 0
  },
  {
    "id": "007eefc3-abd1-4706-8cdd-93425623de79",
    "data": [
      {
        "text": "cart is good",
        "userDefined": false
      }
    ],
    "isTemplate": false,
    "count": 0,
    "lang": "en",
    "updated": 0
  },
  {
    "id": "6b1e8fb6-d99d-43bb-af3f-ce8e06904829",
    "data": [
      {
        "text": "nope",
        "userDefined": false
      }
    ],
    "isTemplate": false,
    "count": 0,
    "lang": "en",
    "updated": 0
  },
  {
    "id": "9a2106f0-214a-411d-9d51-2fdb904f2cf0",
    "data": [
      {
        "text": "no",
        "userDefined": false
      }
    ],
    "isTemplate": false,
    "count": 0,
    "lang": "en",
    "updated": 0
  }
]