[
  {
    "id": "a265cb96-1bbe-4710-8c72-93bee2e5c009",
    "data": [
      {
        "text": "one",
        "meta": "@sys.number",
        "alias": "quantity",
        "userDefined": true
      }
    ],
    "isTemplate": false,
    "count": 0,
    "lang": "en",
    "updated": 0
  },
  {
    "id": "a068a854-fba4-41c5-ab0a-638ad1ca4ce8",
    "data": [
      {
        "text": "just ",
        "userDefined": false
      },
      {
        "text": "one",
        "meta": "@sys.number",
        "alias": "quantity",
        "userDefined": true
      }
    ],
    "isTemplate": false,
    "count": 0,
    "lang": "en",
    "updated": 0
  },
  {
    "id": "c20f1c63-afbc-4f6b-a0e8-7ab3d4c16829",
    "data": [
      {
        "text": "5",
        "meta": "@sys.number",
        "alias": "quantity",
        "userDefined": true
      }
    ],
    "isTemplate": false,
    "count": 0,
    "lang": "en",
    "updated": 0
  },
  {
    "id": "a71b7d60-a25a-4248-afd1-e85064521e49",
    "data": [
      {
        "text": "two",
        "meta": "@sys.number",
        "alias": "quantity",
        "userDefined": false
      }
    ],
    "isTemplate": false,
    "count": 0,
    "lang": "en",
    "updated": 0
  },
  {
    "id": "19325f1b-fc01-4cbc-a9dc-977d2e67d3b5",
    "data": [
      {
        "text": "make it ",
        "userDefined": false
      },
      {
        "text": "two",
        "meta": "@sys.number",
        "alias": "quantity",
        "userDefined": false
      }
    ],
    "isTemplate": false,
    "count": 0,
    "lang": "en",
    "updated": 0
  }
]