[
  {
    "id": "ff187683-ab16-40d2-b5ab-47a40cb94d37",
    "data": [
      {
        "text": "i am done with ordering",
        "userDefined": false
      }
    ],
    "isTemplate": false,
    "count": 0,
    "lang": "en",
    "updated": 0
  },
  {
    "id": "6d694fe3-7ef8-4a1b-be18-fd501050e1d5",
    "data": [
      {
        "text": "checkout",
        "userDefined": false
      }
    ],
    "isTemplate": false,
    "count": 1,
    "lang": "en",
    "updated": 0
  },
  {
    "id": "596b8022-ac41-4a1d-a945-3805887cf2e9",
    "data": [
      {
        "text": "i want to checkout",
        "userDefined": false
      }
    ],
    "isTemplate": false,
    "count": 0,
    "lang": "en",
    "updated": 0
  },
  {
    "id": "33af87c4-6a7f-4990-a2df-72f5b2a77a91",
    "data": [
      {
        "text": "314-123-1234",
        "meta": "@sys.any",
        "alias": "mobile",
        "userDefined": true
      }
    ],
    "isTemplate": false,
    "count": 0,
    "lang": "en",
    "updated": 0
  },
  {
    "id": "aa84de46-e4c4-4163-b8ca-081f74fff821",
    "data": [
      {
        "text": "that is",
        "userDefined": false
      },
      {
        "text": "123456",
        "meta": "@sys.any",
        "alias": "mobile",
        "userDefined": false
      }
    ],
    "isTemplate": false,
    "count": 0,
    "lang": "en",
    "updated": 0
  },
  {
    "id": "7d96845e-29c2-4507-95bb-ed9f9d6f67aa",
    "data": [
      {
        "text": "my number is ",
        "userDefined": false
      },
      {
        "text": "12345678",
        "meta": "@sys.any",
        "alias": "mobile",
        "userDefined": true
      }
    ],
    "isTemplate": false,
    "count": 0,
    "lang": "en",
    "updated": 0
  },
  {
    "id": "78b9694d-d906-4d5a-9794-4fdf55376077",
    "data": [
      {
        "text": "12345678",
        "meta": "@sys.any",
        "alias": "mobile",
        "userDefined": false
      }
    ],
    "isTemplate": false,
    "count": 0,
    "lang": "en",
    "updated": 0
  },
  {
    "id": "a28fa584-bac7-4882-8c85-799126363fd0",
    "data": [
      {
        "text": "it is ",
        "userDefined": false
      },
      {
        "text": "123456789",
        "meta": "@sys.any",
        "alias": "mobile",
        "userDefined": false
      }
    ],
    "isTemplate": false,
    "count": 0,
    "lang": "en",
    "updated": 0
  },
  {
    "id": "5808fa23-b1a1-4130-81f7-091ea431c5c0",
    "data": [
      {
        "text": "334-123-1595",
        "meta": "@sys.any",
        "alias": "mobile",
        "userDefined": false
      },
      {
        "text": ".",
        "userDefined": false
      }
    ],
    "isTemplate": false,
    "count": 0,
    "lang": "en",
    "updated": 0
  },
  {
    "id": "eb31b159-6a5e-4759-ab06-c05b5efeb0cd",
    "data": [
      {
        "text": "334-125-9545",
        "meta": "@sys.any",
        "alias": "mobile",
        "userDefined": false
      },
      {
        "text": ".",
        "userDefined": false
      }
    ],
    "isTemplate": false,
    "count": 0,
    "lang": "en",
    "updated": 0
  }
]