[
  {
    "id": "877b68b6-d767-4d11-864d-4048e19cb8dc",
    "data": [
      {
        "text": "gulab jamun",
        "meta": "@menu_item",
        "alias": "menu_item",
        "userDefined": true
      }
    ],
    "isTemplate": false,
    "count": 0,
    "lang": "en",
    "updated": 0
  },
  {
    "id": "ff940cf0-8a9b-4f24-b01f-01208720a8db",
    "data": [
      {
        "text": "i want to remove ",
        "userDefined": false
      },
      {
        "text": "plain naan",
        "meta": "@menu_item",
        "alias": "menu_item",
        "userDefined": true
      }
    ],
    "isTemplate": false,
    "count": 0,
    "lang": "en",
    "updated": 0
  },
  {
    "id": "18da0ba7-5113-4b92-a519-77549f9dbeeb",
    "data": [
      {
        "text": "discard ",
        "userDefined": false
      },
      {
        "text": "vada",
        "meta": "@menu_item",
        "alias": "menu_item",
        "userDefined": true
      }
    ],
    "isTemplate": false,
    "count": 0,
    "lang": "en",
    "updated": 0
  },
  {
    "id": "0230f467-7ee2-4cc7-8c5a-329dc9fb3b6c",
    "data": [
      {
        "text": "idly",
        "meta": "@menu_item",
        "alias": "menu_item",
        "userDefined": true
      }
    ],
    "isTemplate": false,
    "count": 0,
    "lang": "en",
    "updated": 0
  },
  {
    "id": "beca164e-3a22-42e7-a823-75ef5a8d18c8",
    "data": [
      {
        "text": "please remove ",
        "userDefined": false
      },
      {
        "text": "idly",
        "meta": "@menu_item",
        "alias": "menu_item",
        "userDefined": true
      }
    ],
    "isTemplate": false,
    "count": 1,
    "lang": "en",
    "updated": 0
  },
  {
    "id": "072036cc-6c5c-4fd9-aca5-b6598adc14d8",
    "data": [
      {
        "text": "remove ",
        "userDefined": false
      },
      {
        "text": "vada",
        "meta": "@menu_item",
        "alias": "menu_item",
        "userDefined": true
      }
    ],
    "isTemplate": false,
    "count": 0,
    "lang": "en",
    "updated": 0
  }
]