[
  {
    "id": "5ae90c1d-19c6-456b-bfc2-77bdfa573302",
    "data": [
      {
        "text": "list all kind of chciken items you have",
        "userDefined": false
      }
    ],
    "isTemplate": false,
    "count": 0,
    "lang": "en",
    "updated": 0
  },
  {
    "id": "f0deca5b-3121-4f40-a749-4328fdae4ba9",
    "data": [
      {
        "text": "can you list the menu items",
        "userDefined": false
      }
    ],
    "isTemplate": false,
    "count": 0,
    "lang": "en",
    "updated": 0
  },
  {
    "id": "81b3231d-e205-475b-9e8f-91ce360aa06d",
    "data": [
      {
        "text": "what kind of items do you have",
        "userDefined": false
      }
    ],
    "isTemplate": false,
    "count": 0,
    "lang": "en",
    "updated": 0
  },
  {
    "id": "0bd8e20e-0632-468e-86f5-915dc0b2ae8a",
    "data": [
      {
        "text": "what do you offer?",
        "userDefined": false
      }
    ],
    "isTemplate": false,
    "count": 0,
    "lang": "en",
    "updated": 0
  },
  {
    "id": "e85cf29b-224c-4250-b12e-52be6649f625",
    "data": [
      {
        "text": "Where is the menu?",
        "userDefined": false
      }
    ],
    "isTemplate": false,
    "count": 0,
    "lang": "en",
    "updated": 0
  },
  {
    "id": "bda68634-87f1-4a84-96a1-b77426350e53",
    "data": [
      {
        "text": "can I see the menu?",
        "userDefined": false
      }
    ],
    "isTemplate": false,
    "count": 0,
    "lang": "en",
    "updated": 0
  }
]