[
  {
    "id": "2316a689-3f52-41c4-af04-d6ab82c6599b",
    "data": [
      {
        "text": "yes remove one item",
        "userDefined": false
      }
    ],
    "isTemplate": false,
    "count": 0,
    "lang": "en",
    "updated": 0
  },
  {
    "id": "41d7e86e-f380-47b9-bffd-daac0540da5a",
    "data": [
      {
        "text": "update cart",
        "userDefined": false
      }
    ],
    "isTemplate": false,
    "count": 0,
    "lang": "en",
    "updated": 0
  },
  {
    "id": "f944c898-fd36-413c-b1ce-be0966d1bd3d",
    "data": [
      {
        "text": "remove one item",
        "userDefined": false
      }
    ],
    "isTemplate": false,
    "count": 0,
    "lang": "en",
    "updated": 0
  },
  {
    "id": "86f1ce9f-c840-4c62-85e6-0bc4e6c06bbd",
    "data": [
      {
        "text": "i want to change",
        "userDefined": false
      }
    ],
    "isTemplate": false,
    "count": 0,
    "lang": "en",
    "updated": 0
  },
  {
    "id": "9a16b747-65c7-4a32-bac4-fd980b3446eb",
    "data": [
      {
        "text": "yeah",
        "userDefined": false
      }
    ],
    "isTemplate": false,
    "count": 0,
    "lang": "en",
    "updated": 0
  },
  {
    "id": "f21f8db6-fc21-4cd0-a0f2-22cd40e68aaf",
    "data": [
      {
        "text": "yes",
        "userDefined": false
      }
    ],
    "isTemplate": false,
    "count": 0,
    "lang": "en",
    "updated": 0
  }
]