[
  {
    "id": "ada08cf1-457b-41be-9111-c72a951a4ec8",
    "data": [
      {
        "text": "no i am good",
        "userDefined": false
      }
    ],
    "isTemplate": false,
    "count": 0,
    "lang": "en",
    "updated": 0
  },
  {
    "id": "a0f28ab6-4c09-49f3-a613-f8356bec29e1",
    "data": [
      {
        "text": "thats all for ",
        "userDefined": false
      },
      {
        "text": "today",
        "userDefined": false
      }
    ],
    "isTemplate": false,
    "count": 0,
    "lang": "en",
    "updated": 0
  },
  {
    "id": "a348cca4-1af2-4bf8-83a0-fd54b10e4e03",
    "data": [
      {
        "text": "thats it",
        "userDefined": false
      }
    ],
    "isTemplate": false,
    "count": 0,
    "lang": "en",
    "updated": 0
  },
  {
    "id": "f207b4ca-4250-4380-838c-ef72853dd1c2",
    "data": [
      {
        "text": "no show me summary",
        "userDefined": false
      }
    ],
    "isTemplate": false,
    "count": 0,
    "lang": "en",
    "updated": 0
  },
  {
    "id": "eefc2ba3-e94f-4030-8977-ea805acaeb5a",
    "data": [
      {
        "text": "that is okay",
        "userDefined": false
      }
    ],
    "isTemplate": false,
    "count": 0,
    "lang": "en",
    "updated": 0
  },
  {
    "id": "8ba3ed2c-d804-4d04-a666-03f55c443bc4",
    "data": [
      {
        "text": "enough items",
        "userDefined": false
      }
    ],
    "isTemplate": false,
    "count": 0,
    "lang": "en",
    "updated": 0
  },
  {
    "id": "7649e6b4-f5f3-4fb2-b2a4-40bd7d57e221",
    "data": [
      {
        "text": "that is enough",
        "userDefined": false
      }
    ],
    "isTemplate": false,
    "count": 0,
    "lang": "en",
    "updated": 0
  },
  {
    "id": "53a523fd-15e1-42be-9e12-fd6ba395f381",
    "data": [
      {
        "text": "nope",
        "userDefined": false
      }
    ],
    "isTemplate": false,
    "count": 0,
    "lang": "en",
    "updated": 0
  },
  {
    "id": "8ff5d179-2c4e-4b2d-a180-5ba18da7a7cb",
    "data": [
      {
        "text": "no",
        "userDefined": false
      }
    ],
    "isTemplate": false,
    "count": 0,
    "lang": "en",
    "updated": 0
  }
]