[
  {
    "id": "2611aa6a-8cec-409c-a20a-001cda556890",
    "data": [
      {
        "text": "let me try different item",
        "userDefined": false
      }
    ],
    "isTemplate": false,
    "count": 0,
    "lang": "en",
    "updated": 0
  },
  {
    "id": "d2a53776-2803-4261-8795-b414260e110d",
    "data": [
      {
        "text": "no not this item",
        "userDefined": false
      }
    ],
    "isTemplate": false,
    "count": 0,
    "lang": "en",
    "updated": 0
  },
  {
    "id": "c914f230-95f8-459b-a206-b0dd12973217",
    "data": [
      {
        "text": "i want to try something else",
        "userDefined": false
      }
    ],
    "isTemplate": false,
    "count": 0,
    "lang": "en",
    "updated": 0
  },
  {
    "id": "92bd7657-a128-4a3a-8e75-9c503b3c368d",
    "data": [
      {
        "text": "don\u0027t add to cart",
        "userDefined": false
      }
    ],
    "isTemplate": false,
    "count": 0,
    "lang": "en",
    "updated": 0
  },
  {
    "id": "9c2c6403-b816-4af2-a2e5-06d187d40fe5",
    "data": [
      {
        "text": "nope",
        "userDefined": false
      }
    ],
    "isTemplate": false,
    "count": 0,
    "lang": "en",
    "updated": 0
  },
  {
    "id": "95c2feee-4d80-411d-a14d-1e018cefbe25",
    "data": [
      {
        "text": "no",
        "userDefined": false
      }
    ],
    "isTemplate": false,
    "count": 0,
    "lang": "en",
    "updated": 0
  }
]