[
  {
    "id": "1e00292d-2712-4a4a-a92d-fce5472cd006",
    "data": [
      {
        "text": "plain naan",
        "meta": "@menu_item",
        "alias": "menu_item",
        "userDefined": true
      }
    ],
    "isTemplate": false,
    "count": 0,
    "lang": "en",
    "updated": 0
  },
  {
    "id": "0b44c8b4-0f32-42fc-9296-605a32bce6f8",
    "data": [
      {
        "text": "idly",
        "userDefined": true
      }
    ],
    "isTemplate": false,
    "count": 0,
    "lang": "en",
    "updated": 0
  },
  {
    "id": "689e3777-1e6f-4cea-8d66-7c9631edc3ea",
    "data": [
      {
        "text": "can i have ",
        "userDefined": false
      },
      {
        "text": "plain idly",
        "meta": "@menu_item",
        "alias": "menu_item",
        "userDefined": true
      }
    ],
    "isTemplate": false,
    "count": 0,
    "lang": "en",
    "updated": 0
  },
  {
    "id": "e66dc977-676d-4323-97f8-c58a3f998125",
    "data": [
      {
        "text": "you serve ",
        "userDefined": false
      },
      {
        "text": "vada and sambar",
        "meta": "@menu_item",
        "alias": "menu_item",
        "userDefined": true
      }
    ],
    "isTemplate": false,
    "count": 0,
    "lang": "en",
    "updated": 0
  },
  {
    "id": "0774669b-f4cf-499e-b991-f5894fdbcbd7",
    "data": [
      {
        "text": "idly",
        "meta": "@menu_item",
        "alias": "menu_item",
        "userDefined": true
      },
      {
        "text": " is available",
        "userDefined": false
      }
    ],
    "isTemplate": false,
    "count": 0,
    "lang": "en",
    "updated": 0
  },
  {
    "id": "204e0a2e-b8da-41a6-9bfb-918452d38245",
    "data": [
      {
        "text": "do you serve ",
        "userDefined": false
      },
      {
        "text": "idly",
        "meta": "@menu_item",
        "alias": "menu_item",
        "userDefined": true
      }
    ],
    "isTemplate": false,
    "count": 0,
    "lang": "en",
    "updated": 0
  },
  {
    "id": "0faec66d-583b-4e1c-b246-01f07871f3b1",
    "data": [
      {
        "text": "do you have ",
        "userDefined": false
      },
      {
        "text": "idly",
        "meta": "@menu_item",
        "alias": "menu_item",
        "userDefined": true
      }
    ],
    "isTemplate": false,
    "count": 0,
    "lang": "en",
    "updated": 0
  }
]