[
  {
    "id": "efab2d98-e9a3-48e5-b6bc-1be8cfaf6e32",
    "data": [
      {
        "text": "it is ",
        "userDefined": false
      },
      {
        "text": "raj",
        "meta": "@sys.person",
        "alias": "person",
        "userDefined": false
      }
    ],
    "isTemplate": false,
    "count": 0,
    "lang": "en",
    "updated": 0
  },
  {
    "id": "30678380-d1b5-466b-a76f-ec6eab0f722e",
    "data": [
      {
        "text": "raj",
        "meta": "@sys.person",
        "alias": "person",
        "userDefined": false
      }
    ],
    "isTemplate": false,
    "count": 0,
    "lang": "en",
    "updated": 0
  },
  {
    "id": "bcc38ac3-fcc6-45ee-87d4-498212b8beeb",
    "data": [
      {
        "text": "my name is ",
        "userDefined": false
      },
      {
        "text": "raj",
        "meta": "@sys.person",
        "alias": "person",
        "userDefined": false
      }
    ],
    "isTemplate": false,
    "count": 0,
    "lang": "en",
    "updated": 0
  },
  {
    "id": "52026bcb-607a-4c8f-a110-6bb36257f430",
    "data": [
      {
        "text": "this is ",
        "userDefined": false
      },
      {
        "text": "raj",
        "meta": "@sys.person",
        "alias": "person",
        "userDefined": false
      }
    ],
    "isTemplate": false,
    "count": 0,
    "lang": "en",
    "updated": 0
  },
  {
    "id": "d342f86a-fc3b-4aa0-9886-d59e72f487e7",
    "data": [
      {
        "text": "i am ",
        "userDefined": false
      },
      {
        "text": "raj",
        "meta": "@sys.person",
        "alias": "person",
        "userDefined": false
      }
    ],
    "isTemplate": false,
    "count": 0,
    "lang": "en",
    "updated": 0
  }
]