[
  {
    "id": "dda528e0-295a-4953-b297-6b82492373dd",
    "data": [
      {
        "text": "when do you open",
        "userDefined": false
      }
    ],
    "isTemplate": false,
    "count": 0,
    "lang": "en",
    "updated": 0
  },
  {
    "id": "5a491aed-d0dd-4641-8938-6cdca9620e51",
    "data": [
      {
        "text": "when do you close",
        "userDefined": false
      }
    ],
    "isTemplate": false,
    "count": 0,
    "lang": "en",
    "updated": 0
  },
  {
    "id": "9abf5ffe-ecba-4898-90b1-f9644710cfca",
    "data": [
      {
        "text": "your working hours",
        "userDefined": false
      }
    ],
    "isTemplate": false,
    "count": 0,
    "lang": "en",
    "updated": 0
  },
  {
    "id": "d63f0751-6e24-45b1-b151-7d3b0edbbef1",
    "data": [
      {
        "text": "working hours",
        "userDefined": false
      }
    ],
    "isTemplate": false,
    "count": 0,
    "lang": "en",
    "updated": 0
  },
  {
    "id": "49ab5779-edf1-4d84-8a60-081e9d88ed13",
    "data": [
      {
        "text": "closing hours",
        "userDefined": false
      }
    ],
    "isTemplate": false,
    "count": 0,
    "lang": "en",
    "updated": 0
  },
  {
    "id": "90aa976f-712d-4a5c-bd0d-595981f93259",
    "data": [
      {
        "text": "are you close",
        "userDefined": false
      }
    ],
    "isTemplate": false,
    "count": 0,
    "lang": "en",
    "updated": 0
  },
  {
    "id": "49bcf346-b6fb-485e-9832-d70b63846f4a",
    "data": [
      {
        "text": "opening hours",
        "userDefined": false
      }
    ],
    "isTemplate": false,
    "count": 0,
    "lang": "en",
    "updated": 0
  },
  {
    "id": "83462ec2-3e12-470d-a720-7b5d1d5788f4",
    "data": [
      {
        "text": "are you open",
        "userDefined": false
      }
    ],
    "isTemplate": false,
    "count": 0,
    "lang": "en",
    "updated": 0
  }
]